	index	Unnamed: 0	combo	count	is combo	is color combo	is animal	is color	is adjective	adjective	animal	adjective count	animal count	forward tp	backward tp	canonical color	canonical color count	most common non-canonical color	most common non-canonical color count
0	0	511	black	144548	False	False	False	True	True	black		144548.0		1.0					
1	1	516	light	141371	False	False	False	True	True	light		141371.0		1.0					
2	2	513	white	134712	False	False	False	True	True	white		134712.0		1.0					
3	3	524	red	121668	False	False	False	True	True	red		121668.0		1.0					
4	4	515	dark	83873	False	False	False	True	True	dark		83873.0		1.0					
5	5	520	blue	78290	False	False	False	True	True	blue		78290.0		1.0					
6	6	525	gold	71065	False	False	False	True	True	gold		71065.0		1.0					
7	7	500	pig	39569	False	False	True	False	False		pig		39569.0		1.0	pink pig	27.0	black pig	52.0
8	8	510	brown	31879	False	False	False	True	True	brown		31879.0		1.0					
9	9	512	grey	26562	False	False	False	True	True	grey		26562.0		1.0					
10	10	518	yellow	24626	False	False	False	True	True	yellow		24626.0		1.0					
11	11	495	lion	22565	False	False	True	False	False		lion		22565.0		1.0	brown lion	1.0	red lion	196.0
12	12	480	bat	20680	False	False	True	False	False		bat		20680.0		1.0	black bat	63.0	brown bat	10.0
13	13	504	shark	17984	False	False	True	False	False		shark		17984.0		1.0	grey shark	4.0	white shark	456.0
14	14	514	pink	17616	False	False	False	True	True	pink		17616.0		1.0					
15	15	487	elephant	15994	False	False	True	False	False		elephant		15994.0		1.0	grey elephant	13.0	white elephant	251.0
16	16	519	orange	15508	False	False	False	True	True	orange		15508.0		1.0					
17	17	490	goat	14588	False	False	True	False	False		goat		14588.0		1.0	white goat	13.0	black goat	38.0
18	18	505	sheep	14547	False	False	True	False	False		sheep		14547.0		1.0	white sheep	43.0	black sheep	866.0
19	19	501	pigeon	8449	False	False	True	False	False		pigeon		8449.0		1.0	grey pigeon	4.0	white pigeon	22.0
20	20	523	amber	8412	False	False	False	True	True	amber		8412.0		1.0					
21	21	517	spots	8401	False	False	False	True	True	spots		8401.0		1.0					
22	22	485	deer	7936	False	False	True	False	False		deer		7936.0		1.0	brown deer	2.0	red deer	103.0
23	23	484	crow	7850	False	False	True	False	False		crow		7850.0		1.0	black crow	141.0	white crow	45.0
24	24	521	tan	7093	False	False	False	True	True	tan		7093.0		1.0					
25	25	486	dolphin	6285	False	False	True	False	False		dolphin		6285.0		1.0	grey dolphin	7.0	blue dolphin	19.0
26	26	508	swan	6153	False	False	True	False	False		swan		6153.0		1.0	white swan	175.0	black swan	322.0
27	27	491	gorilla	5594	False	False	True	False	False		gorilla		5594.0		1.0	black gorilla	6.0	white gorilla	18.0
28	28	499	panther	4562	False	False	True	False	False		panther		4562.0		1.0	black panther	724.0	pink panther	338.0
29	29	481	beaver	4005	False	False	True	False	False		beaver		4005.0		1.0	brown beaver	7.0	black beaver	10.0
30	30	498	panda	3735	False	False	True	False	False		panda		3735.0		1.0	black panda	4.0	red panda	67.0
31	31	482	boar	3173	False	False	True	False	False		boar		3173.0		1.0	brown boar	0.0	blue boar	40.0
32	32	503	rhino	2517	False	False	True	False	False		rhino		2517.0		1.0	grey rhino	0.0	black rhino	94.0
33	33	509	zebra	2465	False	False	True	False	False		zebra		2465.0		1.0	black zebra	6.0	blue zebra	9.0
34	34	506	skunk	2392	False	False	True	False	False		skunk		2392.0		1.0	black skunk	2.0	white skunk	4.0
35	35	489	giraffe	2320	False	False	True	False	False		giraffe		2320.0		1.0	brown giraffe	1.0	yellow giraffe	5.0
36	36	502	polar_bear	2014	False	False	True	False	False		polar_bear		2014.0		1.0	white polar_bear	9.0	brown polar_bear	1.0
37	37	497	mammoth	1970	False	False	True	False	False		mammoth		1970.0		1.0	brown mammoth	0.0	gold mammoth	0.0
38	38	492	grizzly	1945	False	False	True	False	False		grizzly		1945.0		1.0	brown grizzly	4.0	grey grizzly	1.0
39	39	483	cheetah	1927	False	False	True	False	False		cheetah		1927.0		1.0	brown cheetah	0.0	spots cheetah	8.0
40	40	493	hippo	1778	False	False	True	False	False		hippo		1778.0		1.0	grey hippo	0.0	pink hippo	3.0
41	41	488	flamingo	1259	False	False	True	False	False		flamingo		1259.0		1.0	pink flamingo	102.0	black flamingo	3.0
42	42	507	sloth	1005	False	False	True	False	False		sloth		1005.0		1.0	brown sloth	0.0	gold sloth	0.0
43	43	496	llama	881	False	False	True	False	False		llama		881.0		1.0	brown llama	1.0	black llama	0.0
44	44	401	black sheep	866	True	True	False	False	False	black	sheep	144548.0	14547.0	0.005991089465091181	0.059531174812676155	white sheep	43.0	black sheep	866.0
45	45	305	black panther	724	True	True	False	False	False	black	panther	144548.0	4562.0	0.005008716827628192	0.158702323542306	black panther	724.0	pink panther	338.0
46	46	387	white shark	456	True	True	False	False	False	white	shark	134712.0	17984.0	0.0033849991092107607	0.025355871886120998	grey shark	4.0	white shark	456.0
47	47	494	killer_whale	439	False	False	True	False	False		killer_whale		439.0		1.0	black killer_whale	0.0	grey killer_whale	1.0
48	48	522	tawny	352	False	False	False	True	True	tawny		352.0		1.0					
49	49	308	pink panther	338	True	True	False	False	False	pink	panther	17616.0	4562.0	0.019187102633969118	0.07409031126698816	black panther	724.0	pink panther	338.0
50	50	449	black swan	322	True	True	False	False	False	black	swan	144548.0	6153.0	0.002227633727204804	0.05233219567690557	white swan	175.0	black swan	322.0
51	51	115	white elephant	251	True	True	False	False	False	white	elephant	134712.0	15994.0	0.0018632341587980284	0.015693385019382267	grey elephant	13.0	white elephant	251.0
52	52	254	red lion	196	True	True	False	False	False	red	lion	121668.0	22565.0	0.0016109412499589046	0.008686018169731885	brown lion	1.0	red lion	196.0
53	53	451	white swan	175	True	True	False	False	False	white	swan	134712.0	6153.0	0.001299067640596235	0.02844141069397042	white swan	175.0	black swan	322.0
54	54	116	pink elephant	165	True	True	False	False	False	pink	elephant	17616.0	15994.0	0.009366485013623978	0.01031636863823934	grey elephant	13.0	white elephant	251.0
55	55	65	black crow	141	True	True	False	False	False	black	crow	144548.0	7850.0	0.0009754545202977558	0.017961783439490446	black crow	141.0	white crow	45.0
56	56	94	red deer	103	True	True	False	False	False	red	deer	121668.0	7936.0	0.0008465660650294243	0.012978830645161291	brown deer	2.0	red deer	103.0
57	57	132	pink flamingo	102	True	True	False	False	False	pink	flamingo	17616.0	1259.0	0.0057901907356948225	0.08101667990468626	pink flamingo	102.0	black flamingo	3.0
58	58	241	black lion	98	True	True	False	False	False	black	lion	144548.0	22565.0	0.0006779754821927664	0.0043430090848659425	brown lion	1.0	red lion	196.0
59	59	369	black rhino	94	True	True	False	False	False	black	rhino	144548.0	2517.0	0.0006503030135318372	0.03734604688120779	grey rhino	0.0	black rhino	94.0
60	60	371	white rhino	73	True	True	False	False	False	white	rhino	134712.0	2517.0	0.0005418967872201437	0.029002781088597537	grey rhino	0.0	black rhino	94.0
61	61	243	white lion	72	True	True	False	False	False	white	lion	134712.0	22565.0	0.0005344735435595938	0.0031907821847994683	brown lion	1.0	red lion	196.0
62	62	302	red panda	67	True	True	False	False	False	red	panda	121668.0	3735.0	0.0005506788966696256	0.0179384203480589	black panda	4.0	red panda	67.0
63	63	1	black bat	63	True	True	False	False	False	black	bat	144548.0	20680.0	0.00043584138140963555	0.00304642166344294	black bat	63.0	brown bat	10.0
64	64	321	black pig	52	True	True	False	False	False	black	pig	144548.0	39569.0	0.00035974209259208013	0.001314160074806035	pink pig	27.0	black pig	52.0
65	65	255	gold lion	50	True	True	False	False	False	gold	lion	71065.0	22565.0	0.0007035812284528249	0.0022158209616662972	brown lion	1.0	red lion	196.0
66	66	394	blue shark	49	True	True	False	False	False	blue	shark	78290.0	17984.0	0.000625878145357006	0.002724644128113879	grey shark	4.0	white shark	456.0
67	67	67	white crow	45	True	True	False	False	False	white	crow	134712.0	7850.0	0.00033404596472474615	0.005732484076433121	black crow	141.0	white crow	45.0
68	68	403	white sheep	43	True	True	False	False	False	white	sheep	134712.0	14547.0	0.0003191994774036463	0.0029559359318072453	white sheep	43.0	black sheep	866.0
69	69	42	blue boar	40	True	True	False	False	False	blue	boar	78290.0	3173.0	0.0005109209349853111	0.012606366214938543	brown boar	0.0	blue boar	40.0
70	70	161	black goat	38	True	True	False	False	False	black	goat	144548.0	14588.0	0.0002628884522788278	0.0026048807238826435	white goat	13.0	black goat	38.0
71	71	250	blue lion	37	True	True	False	False	False	blue	lion	78290.0	22565.0	0.0004726018648614127	0.0016397075116330602	brown lion	1.0	red lion	196.0
72	72	323	white pig	31	True	True	False	False	False	white	pig	134712.0	39569.0	0.00023012055347704734	0.000783441583057444	pink pig	27.0	black pig	52.0
73	73	324	pink pig	27	True	True	False	False	False	pink	pig	17616.0	39569.0	0.0015326975476839238	0.0006823523465339028	pink pig	27.0	black pig	52.0
74	74	314	blue panther	25	True	True	False	False	False	blue	panther	78290.0	4562.0	0.0003193255843658194	0.0054800526085050415	black panther	724.0	pink panther	338.0
75	75	339	white pigeon	22	True	True	False	False	False	white	pigeon	134712.0	8449.0	0.0001633113605320981	0.0026038584447863654	grey pigeon	4.0	white pigeon	22.0
76	76	385	black shark	20	True	True	False	False	False	black	shark	144548.0	17984.0	0.00013836234330464621	0.001112099644128114	grey shark	4.0	white shark	456.0
77	77	106	blue dolphin	19	True	True	False	False	False	blue	dolphin	78290.0	6285.0	0.00024268744411802274	0.003023070803500398	grey dolphin	7.0	blue dolphin	19.0
78	78	122	blue elephant	19	True	True	False	False	False	blue	elephant	78290.0	15994.0	0.00024268744411802274	0.001187945479554833	grey elephant	13.0	white elephant	251.0
79	79	179	white gorilla	18	True	True	False	False	False	white	gorilla	134712.0	5594.0	0.00013361838588989844	0.0032177332856632105	black gorilla	6.0	white gorilla	18.0
80	80	458	blue swan	17	True	True	False	False	False	blue	swan	78290.0	6153.0	0.0002171413973687572	0.002762879895985698	white swan	175.0	black swan	322.0
81	81	83	white deer	16	True	True	False	False	False	white	deer	134712.0	7936.0	0.00011877189856879862	0.0020161290322580645	brown deer	2.0	red deer	103.0
82	82	114	grey elephant	13	True	True	False	False	False	grey	elephant	26562.0	15994.0	0.000489420977336044	0.0008128048018006752	grey elephant	13.0	white elephant	251.0
83	83	100	pink dolphin	13	True	True	False	False	False	pink	dolphin	17616.0	6285.0	0.0007379654859218891	0.0020684168655529037	grey dolphin	7.0	blue dolphin	19.0
84	84	163	white goat	13	True	True	False	False	False	white	goat	134712.0	14588.0	9.650216758714888e-05	0.000891143405538799	white goat	13.0	black goat	38.0
85	85	334	red pig	12	True	True	False	False	False	red	pig	121668.0	39569.0	9.862905611993293e-05	0.00030326770957062347	pink pig	27.0	black pig	52.0
86	86	99	white dolphin	12	True	True	False	False	False	white	dolphin	134712.0	6285.0	8.907892392659897e-05	0.0019093078758949881	grey dolphin	7.0	blue dolphin	19.0
87	87	162	grey goat	10	True	True	False	False	False	grey	goat	26562.0	14588.0	0.00037647767487388	0.0006854949273375377	white goat	13.0	black goat	38.0
88	88	0	brown bat	10	True	True	False	False	False	brown	bat	31879.0	20680.0	0.00031368612566266195	0.00048355899419729207	black bat	63.0	brown bat	10.0
89	89	14	red bat	10	True	True	False	False	False	red	bat	121668.0	20680.0	8.21908800999441e-05	0.00048355899419729207	black bat	63.0	brown bat	10.0
90	90	17	black beaver	10	True	True	False	False	False	black	beaver	144548.0	4005.0	6.918117165232311e-05	0.0024968789013732834	brown beaver	7.0	black beaver	10.0
91	91	97	black dolphin	9	True	True	False	False	False	black	dolphin	144548.0	6285.0	6.22630544870908e-05	0.001431980906921241	grey dolphin	7.0	blue dolphin	19.0
92	92	355	white polar_bear	9	True	True	False	False	False	white	polar_bear	134712.0	2014.0	6.680919294494922e-05	0.004468718967229395	white polar_bear	9.0	brown polar_bear	1.0
93	93	474	blue zebra	9	True	True	False	False	False	blue	zebra	78290.0	2465.0	0.00011495721037169498	0.0036511156186612576	black zebra	6.0	blue zebra	9.0
94	94	74	blue crow	8	True	True	False	False	False	blue	crow	78290.0	7850.0	0.0001021841869970622	0.001019108280254777	black crow	141.0	white crow	45.0
95	95	160	brown goat	8	True	True	False	False	False	brown	goat	31879.0	14588.0	0.00025094890053012955	0.0005483959418700301	white goat	13.0	black goat	38.0
96	96	335	gold pig	8	True	True	False	False	False	gold	pig	71065.0	39569.0	0.00011257299655245197	0.00020217847304708231	pink pig	27.0	black pig	52.0
97	97	78	red crow	8	True	True	False	False	False	red	crow	121668.0	7850.0	6.575270407995528e-05	0.001019108280254777	black crow	141.0	white crow	45.0
98	98	325	dark pig	8	True	True	False	False	False	dark	pig	83873.0	39569.0	9.538230419801366e-05	0.00020217847304708231	pink pig	27.0	black pig	52.0
99	99	113	black elephant	8	True	True	False	False	False	black	elephant	144548.0	15994.0	5.534493732185848e-05	0.0005001875703388771	grey elephant	13.0	white elephant	251.0
100	100	55	spots cheetah	8	True	True	False	False	False	spots	cheetah	8401.0	1927.0	0.000952267587192001	0.0041515308770108976	brown cheetah	0.0	spots cheetah	8.0
101	101	306	grey panther	8	True	True	False	False	False	grey	panther	26562.0	4562.0	0.00030118213989910396	0.0017536168347216134	black panther	724.0	pink panther	338.0
102	102	410	blue sheep	8	True	True	False	False	False	blue	sheep	78290.0	14547.0	0.0001021841869970622	0.0005499415687083248	white sheep	43.0	black sheep	866.0
103	103	16	brown beaver	7	True	True	False	False	False	brown	beaver	31879.0	4005.0	0.00021958028796386335	0.0017478152309612985	brown beaver	7.0	black beaver	10.0
104	104	248	yellow lion	7	True	True	False	False	False	yellow	lion	24626.0	22565.0	0.0002842524161455372	0.00031021493463328164	brown lion	1.0	red lion	196.0
105	105	320	brown pig	7	True	True	False	False	False	brown	pig	31879.0	39569.0	0.00021958028796386335	0.00017690616391619703	pink pig	27.0	black pig	52.0
106	106	307	white panther	7	True	True	False	False	False	white	panther	134712.0	4562.0	5.19627056238494e-05	0.0015344147303814116	black panther	724.0	pink panther	338.0
107	107	453	dark swan	7	True	True	False	False	False	dark	swan	83873.0	6153.0	8.345951617326196e-05	0.0011376564277588168	white swan	175.0	black swan	322.0
108	108	98	grey dolphin	7	True	True	False	False	False	grey	dolphin	26562.0	6285.0	0.000263534372411716	0.0011137629276054097	grey dolphin	7.0	blue dolphin	19.0
109	109	178	grey gorilla	7	True	True	False	False	False	grey	gorilla	26562.0	5594.0	0.000263534372411716	0.0012513407222023596	black gorilla	6.0	white gorilla	18.0
110	110	330	blue pig	7	True	True	False	False	False	blue	pig	78290.0	39569.0	8.941116362242942e-05	0.00017690616391619703	pink pig	27.0	black pig	52.0
111	111	170	blue goat	6	True	True	False	False	False	blue	goat	78290.0	14588.0	7.663814024779666e-05	0.0004112969564025226	white goat	13.0	black goat	38.0
112	112	390	light shark	6	True	True	False	False	False	light	shark	141371.0	17984.0	4.2441519123441156e-05	0.0003336298932384342	grey shark	4.0	white shark	456.0
113	113	30	red beaver	6	True	True	False	False	False	red	beaver	121668.0	4005.0	4.931452805996646e-05	0.00149812734082397	brown beaver	7.0	black beaver	10.0
114	114	177	black gorilla	6	True	True	False	False	False	black	gorilla	144548.0	5594.0	4.150870299139386e-05	0.0010725777618877368	black gorilla	6.0	white gorilla	18.0
115	115	3	white bat	6	True	True	False	False	False	white	bat	134712.0	20680.0	4.4539461963299484e-05	0.0002901353965183752	black bat	63.0	brown bat	10.0
116	116	18	grey beaver	6	True	True	False	False	False	grey	beaver	26562.0	4005.0	0.00022588660492432798	0.00149812734082397	brown beaver	7.0	black beaver	10.0
117	117	465	black zebra	6	True	True	False	False	False	black	zebra	144548.0	2465.0	4.150870299139386e-05	0.002434077079107505	black zebra	6.0	blue zebra	9.0
118	118	337	black pigeon	6	True	True	False	False	False	black	pigeon	144548.0	8449.0	4.150870299139386e-05	0.0007101432122144632	grey pigeon	4.0	white pigeon	22.0
119	119	126	red elephant	6	True	True	False	False	False	red	elephant	121668.0	15994.0	4.931452805996646e-05	0.0003751406777541578	grey elephant	13.0	white elephant	251.0
120	120	72	yellow crow	5	True	True	False	False	False	yellow	crow	24626.0	7850.0	0.00020303744010395517	0.0006369426751592356	black crow	141.0	white crow	45.0
121	121	244	pink lion	5	True	True	False	False	False	pink	lion	17616.0	22565.0	0.00028383287920072663	0.00022158209616662973	brown lion	1.0	red lion	196.0
122	122	152	yellow giraffe	5	True	True	False	False	False	yellow	giraffe	24626.0	2320.0	0.00020303744010395517	0.0021551724137931034	brown giraffe	1.0	yellow giraffe	5.0
123	123	127	gold elephant	5	True	True	False	False	False	gold	elephant	71065.0	15994.0	7.035812284528248e-05	0.0003126172314617982	grey elephant	13.0	white elephant	251.0
124	124	175	gold goat	5	True	True	False	False	False	gold	goat	71065.0	14588.0	7.035812284528248e-05	0.00034274746366876887	white goat	13.0	black goat	38.0
125	125	384	brown shark	5	True	True	False	False	False	brown	shark	31879.0	17984.0	0.00015684306283133097	0.0002780249110320285	grey shark	4.0	white shark	456.0
126	126	336	brown pigeon	5	True	True	False	False	False	brown	pigeon	31879.0	8449.0	0.00015684306283133097	0.0005917860101787194	grey pigeon	4.0	white pigeon	22.0
127	127	121	orange elephant	5	True	True	False	False	False	orange	elephant	15508.0	15994.0	0.0003224142378127418	0.0003126172314617982	grey elephant	13.0	white elephant	251.0
128	128	378	blue rhino	5	True	True	False	False	False	blue	rhino	78290.0	2517.0	6.386511687316388e-05	0.001986491855383393	grey rhino	0.0	black rhino	94.0
129	129	81	black deer	5	True	True	False	False	False	black	deer	144548.0	7936.0	3.4590585826161553e-05	0.0006300403225806451	brown deer	2.0	red deer	103.0
130	130	419	white skunk	4	True	True	False	False	False	white	skunk	134712.0	2392.0	2.9692974642199656e-05	0.0016722408026755853	black skunk	2.0	white skunk	4.0
131	131	2	grey bat	4	True	True	False	False	False	grey	bat	26562.0	20680.0	0.00015059106994955198	0.00019342359767891682	black bat	63.0	brown bat	10.0
132	132	346	blue pigeon	4	True	True	False	False	False	blue	pigeon	78290.0	8449.0	5.10920934985311e-05	0.0004734288081429755	grey pigeon	4.0	white pigeon	22.0
133	133	338	grey pigeon	4	True	True	False	False	False	grey	pigeon	26562.0	8449.0	0.00015059106994955198	0.0004734288081429755	grey pigeon	4.0	white pigeon	22.0
134	134	467	white zebra	4	True	True	False	False	False	white	zebra	134712.0	2465.0	2.9692974642199656e-05	0.0016227180527383367	black zebra	6.0	blue zebra	9.0
135	135	10	blue bat	4	True	True	False	False	False	blue	bat	78290.0	20680.0	5.10920934985311e-05	0.00019342359767891682	black bat	63.0	brown bat	10.0
136	136	192	brown grizzly	4	True	True	False	False	False	brown	grizzly	31879.0	1945.0	0.00012547445026506477	0.002056555269922879	brown grizzly	4.0	grey grizzly	1.0
137	137	454	light swan	4	True	True	False	False	False	light	swan	141371.0	6153.0	2.8294346082294106e-05	0.0006500893872907525	white swan	175.0	black swan	322.0
138	138	154	blue giraffe	4	True	True	False	False	False	blue	giraffe	78290.0	2320.0	5.10920934985311e-05	0.0017241379310344827	brown giraffe	1.0	yellow giraffe	5.0
139	139	110	red dolphin	4	True	True	False	False	False	red	dolphin	121668.0	6285.0	3.287635203997764e-05	0.0006364359586316627	grey dolphin	7.0	blue dolphin	19.0
140	140	424	yellow skunk	4	True	True	False	False	False	yellow	skunk	24626.0	2392.0	0.00016242995208316414	0.0016722408026755853	black skunk	2.0	white skunk	4.0
141	141	289	black panda	4	True	True	False	False	False	black	panda	144548.0	3735.0	2.767246866092924e-05	0.00107095046854083	black panda	4.0	red panda	67.0
142	142	404	pink sheep	4	True	True	False	False	False	pink	sheep	17616.0	14547.0	0.00022706630336058128	0.0002749707843541624	white sheep	43.0	black sheep	866.0
143	143	386	grey shark	4	True	True	False	False	False	grey	shark	26562.0	17984.0	0.00015059106994955198	0.00022241992882562276	grey shark	4.0	white shark	456.0
144	144	402	grey sheep	3	True	True	False	False	False	grey	sheep	26562.0	14547.0	0.00011294330246216399	0.00020622808826562179	white sheep	43.0	black sheep	866.0
145	145	168	yellow goat	3	True	True	False	False	False	yellow	goat	24626.0	14588.0	0.0001218224640623731	0.0002056484782012613	white goat	13.0	black goat	38.0
146	146	129	black flamingo	3	True	True	False	False	False	black	flamingo	144548.0	1259.0	2.075435149569693e-05	0.0023828435266084196	pink flamingo	102.0	black flamingo	3.0
147	147	180	pink gorilla	3	True	True	False	False	False	pink	gorilla	17616.0	5594.0	0.00017029972752043596	0.0005362888809438684	black gorilla	6.0	white gorilla	18.0
148	148	6	light bat	3	True	True	False	False	False	light	bat	141371.0	20680.0	2.1220759561720578e-05	0.0001450676982591876	black bat	63.0	brown bat	10.0
149	149	398	red shark	3	True	True	False	False	False	red	shark	121668.0	17984.0	2.465726402998323e-05	0.0001668149466192171	grey shark	4.0	white shark	456.0
150	150	400	brown sheep	3	True	True	False	False	False	brown	sheep	31879.0	14547.0	9.410583769879859e-05	0.00020622808826562179	white sheep	43.0	black sheep	866.0
151	151	328	yellow pig	3	True	True	False	False	False	yellow	pig	24626.0	39569.0	0.0001218224640623731	7.581692739265587e-05	pink pig	27.0	black pig	52.0
152	152	212	pink hippo	3	True	True	False	False	False	pink	hippo	17616.0	1778.0	0.00017029972752043596	0.001687289088863892	grey hippo	0.0	pink hippo	3.0
153	153	247	spots lion	3	True	True	False	False	False	spots	lion	8401.0	22565.0	0.00035710034519700033	0.00013294925769997783	brown lion	1.0	red lion	196.0
154	154	430	red skunk	3	True	True	False	False	False	red	skunk	121668.0	2392.0	2.465726402998323e-05	0.001254180602006689	black skunk	2.0	white skunk	4.0
155	155	405	dark sheep	3	True	True	False	False	False	dark	sheep	83873.0	14547.0	3.5768364074255126e-05	0.00020622808826562179	white sheep	43.0	black sheep	866.0
156	156	382	red rhino	3	True	True	False	False	False	red	rhino	121668.0	2517.0	2.465726402998323e-05	0.0011918951132300357	grey rhino	0.0	black rhino	94.0
157	157	148	pink giraffe	3	True	True	False	False	False	pink	giraffe	17616.0	2320.0	0.00017029972752043596	0.001293103448275862	brown giraffe	1.0	yellow giraffe	5.0
158	158	376	yellow rhino	3	True	True	False	False	False	yellow	rhino	24626.0	2517.0	0.0001218224640623731	0.0011918951132300357	grey rhino	0.0	black rhino	94.0
159	159	472	yellow zebra	2	True	True	False	False	False	yellow	zebra	24626.0	2465.0	8.121497604158207e-05	0.0008113590263691683	black zebra	6.0	blue zebra	9.0
160	160	298	blue panda	2	True	True	False	False	False	blue	panda	78290.0	3735.0	2.554604674926555e-05	0.000535475234270415	black panda	4.0	red panda	67.0
161	161	414	red sheep	2	True	True	False	False	False	red	sheep	121668.0	14547.0	1.643817601998882e-05	0.0001374853921770812	white sheep	43.0	black sheep	866.0
162	162	340	pink pigeon	2	True	True	False	False	False	pink	pigeon	17616.0	8449.0	0.00011353315168029064	0.00023671440407148776	grey pigeon	4.0	white pigeon	22.0
163	163	90	blue deer	2	True	True	False	False	False	blue	deer	78290.0	7936.0	2.554604674926555e-05	0.00025201612903225806	brown deer	2.0	red deer	103.0
164	164	69	dark crow	2	True	True	False	False	False	dark	crow	83873.0	7850.0	2.3845576049503416e-05	0.00025477707006369424	black crow	141.0	white crow	45.0
165	165	291	white panda	2	True	True	False	False	False	white	panda	134712.0	3735.0	1.4846487321099828e-05	0.000535475234270415	black panda	4.0	red panda	67.0
166	166	186	blue gorilla	2	True	True	False	False	False	blue	gorilla	78290.0	5594.0	2.554604674926555e-05	0.0003575259206292456	black gorilla	6.0	white gorilla	18.0
167	167	313	orange panther	2	True	True	False	False	False	orange	panther	15508.0	4562.0	0.00012896569512509673	0.00043840420868040335	black panther	724.0	pink panther	338.0
168	168	174	red goat	2	True	True	False	False	False	red	goat	121668.0	14588.0	1.643817601998882e-05	0.00013709898546750753	white goat	13.0	black goat	38.0
169	169	310	light panther	2	True	True	False	False	False	light	panther	141371.0	4562.0	1.4147173041147053e-05	0.00043840420868040335	black panther	724.0	pink panther	338.0
170	170	463	gold swan	2	True	True	False	False	False	gold	swan	71065.0	6153.0	2.8143249138112994e-05	0.00032504469364537625	white swan	175.0	black swan	322.0
171	171	417	black skunk	2	True	True	False	False	False	black	skunk	144548.0	2392.0	1.383623433046462e-05	0.0008361204013377926	black skunk	2.0	white skunk	4.0
172	172	416	brown skunk	2	True	True	False	False	False	brown	skunk	31879.0	2392.0	6.273722513253239e-05	0.0008361204013377926	black skunk	2.0	white skunk	4.0
173	173	218	blue hippo	2	True	True	False	False	False	blue	hippo	78290.0	1778.0	2.554604674926555e-05	0.0011248593925759281	grey hippo	0.0	pink hippo	3.0
174	174	35	white boar	2	True	True	False	False	False	white	boar	134712.0	3173.0	1.4846487321099828e-05	0.0006303183107469272	brown boar	0.0	blue boar	40.0
175	175	9	orange bat	2	True	True	False	False	False	orange	bat	15508.0	20680.0	0.00012896569512509673	9.671179883945841e-05	black bat	63.0	brown bat	10.0
176	176	151	spots giraffe	2	True	True	False	False	False	spots	giraffe	8401.0	2320.0	0.00023806689679800025	0.0008620689655172414	brown giraffe	1.0	yellow giraffe	5.0
177	177	142	red flamingo	2	True	True	False	False	False	red	flamingo	121668.0	1259.0	1.643817601998882e-05	0.0015885623510722795	pink flamingo	102.0	black flamingo	3.0
178	178	33	black boar	2	True	True	False	False	False	black	boar	144548.0	3173.0	1.383623433046462e-05	0.0006303183107469272	brown boar	0.0	blue boar	40.0
179	179	138	blue flamingo	2	True	True	False	False	False	blue	flamingo	78290.0	1259.0	2.554604674926555e-05	0.0015885623510722795	pink flamingo	102.0	black flamingo	3.0
180	180	80	brown deer	2	True	True	False	False	False	brown	deer	31879.0	7936.0	6.273722513253239e-05	0.00025201612903225806	brown deer	2.0	red deer	103.0
181	181	131	white flamingo	2	True	True	False	False	False	white	flamingo	134712.0	1259.0	1.4846487321099828e-05	0.0015885623510722795	pink flamingo	102.0	black flamingo	3.0
182	182	86	light deer	1	True	True	False	False	False	light	deer	141371.0	7936.0	7.073586520573527e-06	0.00012600806451612903	brown deer	2.0	red deer	103.0
183	183	256	brown llama	1	True	True	False	False	False	brown	llama	31879.0	881.0	3.1368612566266194e-05	0.0011350737797956867	brown llama	1.0	black llama	0.0
184	184	51	white cheetah	1	True	True	False	False	False	white	cheetah	134712.0	1927.0	7.423243660549914e-06	0.0005189413596263622	brown cheetah	0.0	spots cheetah	8.0
185	185	88	yellow deer	1	True	True	False	False	False	yellow	deer	24626.0	7936.0	4.0607488020791034e-05	0.00012600806451612903	brown deer	2.0	red deer	103.0
186	186	352	brown polar_bear	1	True	True	False	False	False	brown	polar_bear	31879.0	2014.0	3.1368612566266194e-05	0.0004965243296921549	white polar_bear	9.0	brown polar_bear	1.0
187	187	411	tan sheep	1	True	True	False	False	False	tan	sheep	7093.0	14547.0	0.00014098406880022558	6.87426960885406e-05	white sheep	43.0	black sheep	866.0
188	188	34	grey boar	1	True	True	False	False	False	grey	boar	26562.0	3173.0	3.7647767487387995e-05	0.0003151591553734636	brown boar	0.0	blue boar	40.0
189	189	344	yellow pigeon	1	True	True	False	False	False	yellow	pigeon	24626.0	8449.0	4.0607488020791034e-05	0.00011835720203574388	grey pigeon	4.0	white pigeon	22.0
190	190	144	brown giraffe	1	True	True	False	False	False	brown	giraffe	31879.0	2320.0	3.1368612566266194e-05	0.0004310344827586207	brown giraffe	1.0	yellow giraffe	5.0
191	191	8	yellow bat	1	True	True	False	False	False	yellow	bat	24626.0	20680.0	4.0607488020791034e-05	4.8355899419729206e-05	black bat	63.0	brown bat	10.0
192	192	422	light skunk	1	True	True	False	False	False	light	skunk	141371.0	2392.0	7.073586520573527e-06	0.0004180602006688963	black skunk	2.0	white skunk	4.0
193	193	145	black giraffe	1	True	True	False	False	False	black	giraffe	144548.0	2320.0	6.91811716523231e-06	0.0004310344827586207	brown giraffe	1.0	yellow giraffe	5.0
194	194	242	grey lion	1	True	True	False	False	False	grey	lion	26562.0	22565.0	3.7647767487387995e-05	4.4316419233325945e-05	brown lion	1.0	red lion	196.0
195	195	351	gold pigeon	1	True	True	False	False	False	gold	pigeon	71065.0	8449.0	1.4071624569056497e-05	0.00011835720203574388	grey pigeon	4.0	white pigeon	22.0
196	196	240	brown lion	1	True	True	False	False	False	brown	lion	31879.0	22565.0	3.1368612566266194e-05	4.4316419233325945e-05	brown lion	1.0	red lion	196.0
197	197	431	gold skunk	1	True	True	False	False	False	gold	skunk	71065.0	2392.0	1.4071624569056497e-05	0.0004180602006688963	black skunk	2.0	white skunk	4.0
198	198	393	orange shark	1	True	True	False	False	False	orange	shark	15508.0	17984.0	6.448284756254837e-05	5.560498220640569e-05	grey shark	4.0	white shark	456.0
199	199	392	yellow shark	1	True	True	False	False	False	yellow	shark	24626.0	17984.0	4.0607488020791034e-05	5.560498220640569e-05	grey shark	4.0	white shark	456.0
200	200	79	gold crow	1	True	True	False	False	False	gold	crow	71065.0	7850.0	1.4071624569056497e-05	0.00012738853503184712	black crow	141.0	white crow	45.0
201	201	389	dark shark	1	True	True	False	False	False	dark	shark	83873.0	17984.0	1.1922788024751708e-05	5.560498220640569e-05	grey shark	4.0	white shark	456.0
202	202	388	pink shark	1	True	True	False	False	False	pink	shark	17616.0	17984.0	5.676657584014532e-05	5.560498220640569e-05	grey shark	4.0	white shark	456.0
203	203	226	grey killer_whale	1	True	True	False	False	False	grey	killer_whale	26562.0	439.0	3.7647767487387995e-05	0.002277904328018223	black killer_whale	0.0	grey killer_whale	1.0
204	204	25	orange beaver	1	True	True	False	False	False	orange	beaver	15508.0	4005.0	6.448284756254837e-05	0.00024968789013732833	brown beaver	7.0	black beaver	10.0
205	205	95	gold deer	1	True	True	False	False	False	gold	deer	71065.0	7936.0	1.4071624569056497e-05	0.00012600806451612903	brown deer	2.0	red deer	103.0
206	206	21	dark beaver	1	True	True	False	False	False	dark	beaver	83873.0	4005.0	1.1922788024751708e-05	0.00024968789013732833	brown beaver	7.0	black beaver	10.0
207	207	66	grey crow	1	True	True	False	False	False	grey	crow	26562.0	7850.0	3.7647767487387995e-05	0.00012738853503184712	black crow	141.0	white crow	45.0
208	208	112	brown elephant	1	True	True	False	False	False	brown	elephant	31879.0	15994.0	3.1368612566266194e-05	6.252344629235963e-05	grey elephant	13.0	white elephant	251.0
209	209	56	yellow cheetah	1	True	True	False	False	False	yellow	cheetah	24626.0	1927.0	4.0607488020791034e-05	0.0005189413596263622	brown cheetah	0.0	spots cheetah	8.0
210	210	15	gold bat	1	True	True	False	False	False	gold	bat	71065.0	20680.0	1.4071624569056497e-05	4.8355899419729206e-05	black bat	63.0	brown bat	10.0
211	211	318	red panther	1	True	True	False	False	False	red	panther	121668.0	4562.0	8.21908800999441e-06	0.00021920210434020167	black panther	724.0	pink panther	338.0
212	212	322	grey pig	1	True	True	False	False	False	grey	pig	26562.0	39569.0	3.7647767487387995e-05	2.527230913088529e-05	pink pig	27.0	black pig	52.0
213	213	362	blue polar_bear	1	True	True	False	False	False	blue	polar_bear	78290.0	2014.0	1.2773023374632775e-05	0.0004965243296921549	white polar_bear	9.0	brown polar_bear	1.0
214	214	5	dark bat	1	True	True	False	False	False	dark	bat	83873.0	20680.0	1.1922788024751708e-05	4.8355899419729206e-05	black bat	63.0	brown bat	10.0
215	215	227	white killer_whale	1	True	True	False	False	False	white	killer_whale	134712.0	439.0	7.423243660549914e-06	0.002277904328018223	black killer_whale	0.0	grey killer_whale	1.0
216	216	173	amber goat	1	True	True	False	False	False	amber	goat	8412.0	14588.0	0.00011887779362815027	6.854949273375377e-05	white goat	13.0	black goat	38.0
217	217	468	pink zebra	1	True	True	False	False	False	pink	zebra	17616.0	2465.0	5.676657584014532e-05	0.00040567951318458417	black zebra	6.0	blue zebra	9.0
218	218	471	spots zebra	1	True	True	False	False	False	spots	zebra	8401.0	2465.0	0.00011903344839900012	0.00040567951318458417	black zebra	6.0	blue zebra	9.0
219	219	158	red giraffe	1	True	True	False	False	False	red	giraffe	121668.0	2320.0	8.21908800999441e-06	0.0004310344827586207	brown giraffe	1.0	yellow giraffe	5.0
220	220	194	grey grizzly	1	True	True	False	False	False	grey	grizzly	26562.0	1945.0	3.7647767487387995e-05	0.0005141388174807198	brown grizzly	4.0	grey grizzly	1.0
221	221	193	black grizzly	1	True	True	False	False	False	black	grizzly	144548.0	1945.0	6.91811716523231e-06	0.0005141388174807198	brown grizzly	4.0	grey grizzly	1.0
222	222	46	red boar	1	True	True	False	False	False	red	boar	121668.0	3173.0	8.21908800999441e-06	0.0003151591553734636	brown boar	0.0	blue boar	40.0
223	223	190	red gorilla	1	True	True	False	False	False	red	gorilla	121668.0	5594.0	8.21908800999441e-06	0.0001787629603146228	black gorilla	6.0	white gorilla	18.0
224	224	206	red grizzly	1	True	True	False	False	False	red	grizzly	121668.0	1945.0	8.21908800999441e-06	0.0005141388174807198	brown grizzly	4.0	grey grizzly	1.0
225	225	209	black hippo	1	True	True	False	False	False	black	hippo	144548.0	1778.0	6.91811716523231e-06	0.0005624296962879641	grey hippo	0.0	pink hippo	3.0
226	226	49	black cheetah	1	True	True	False	False	False	black	cheetah	144548.0	1927.0	6.91811716523231e-06	0.0005189413596263622	brown cheetah	0.0	spots cheetah	8.0
227	227	164	pink goat	1	True	True	False	False	False	pink	goat	17616.0	14588.0	5.676657584014532e-05	6.854949273375377e-05	white goat	13.0	black goat	38.0
228	228	211	white hippo	1	True	True	False	False	False	white	hippo	134712.0	1778.0	7.423243660549914e-06	0.0005624296962879641	grey hippo	0.0	pink hippo	3.0
229	229	155	tan giraffe	1	True	True	False	False	False	tan	giraffe	7093.0	2320.0	0.00014098406880022558	0.0004310344827586207	brown giraffe	1.0	yellow giraffe	5.0
230	230	462	red swan	1	True	True	False	False	False	red	swan	121668.0	6153.0	8.21908800999441e-06	0.00016252234682268812	white swan	175.0	black swan	322.0
231	231	166	light goat	1	True	True	False	False	False	light	goat	141371.0	14588.0	7.073586520573527e-06	6.854949273375377e-05	white goat	13.0	black goat	38.0
232	232	478	red zebra	1	True	True	False	False	False	red	zebra	121668.0	2465.0	8.21908800999441e-06	0.00040567951318458417	black zebra	6.0	blue zebra	9.0
233	233	216	yellow hippo	1	True	True	False	False	False	yellow	hippo	24626.0	1778.0	4.0607488020791034e-05	0.0005624296962879641	grey hippo	0.0	pink hippo	3.0
234	234	165	dark goat	1	True	True	False	False	False	dark	goat	83873.0	14588.0	1.1922788024751708e-05	6.854949273375377e-05	white goat	13.0	black goat	38.0
235	235	7	spots bat	0	True	True	False	False	False	spots	bat	8401.0	20680.0	0.0	0.0	black bat	63.0	brown bat	10.0
236	236	373	dark rhino	0	True	True	False	False	False	dark	rhino	83873.0	2517.0	0.0	0.0	grey rhino	0.0	black rhino	94.0
237	237	374	light rhino	0	True	True	False	False	False	light	rhino	141371.0	2517.0	0.0	0.0	grey rhino	0.0	black rhino	94.0
238	238	19	white beaver	0	True	True	False	False	False	white	beaver	134712.0	4005.0	0.0	0.0	brown beaver	7.0	black beaver	10.0
239	239	20	pink beaver	0	True	True	False	False	False	pink	beaver	17616.0	4005.0	0.0	0.0	brown beaver	7.0	black beaver	10.0
240	240	375	spots rhino	0	True	True	False	False	False	spots	rhino	8401.0	2517.0	0.0	0.0	grey rhino	0.0	black rhino	94.0
241	241	45	amber boar	0	True	True	False	False	False	amber	boar	8412.0	3173.0	0.0	0.0	brown boar	0.0	blue boar	40.0
242	242	377	orange rhino	0	True	True	False	False	False	orange	rhino	15508.0	2517.0	0.0	0.0	grey rhino	0.0	black rhino	94.0
243	243	22	light beaver	0	True	True	False	False	False	light	beaver	141371.0	4005.0	0.0	0.0	brown beaver	7.0	black beaver	10.0
244	244	379	tan rhino	0	True	True	False	False	False	tan	rhino	7093.0	2517.0	0.0	0.0	grey rhino	0.0	black rhino	94.0
245	245	380	tawny rhino	0	True	True	False	False	False	tawny	rhino	352.0	2517.0	0.0	0.0	grey rhino	0.0	black rhino	94.0
246	246	372	pink rhino	0	True	True	False	False	False	pink	rhino	17616.0	2517.0	0.0	0.0	grey rhino	0.0	black rhino	94.0
247	247	477	amber zebra	0	True	True	False	False	False	amber	zebra	8412.0	2465.0	0.0	0.0	black zebra	6.0	blue zebra	9.0
248	248	381	amber rhino	0	True	True	False	False	False	amber	rhino	8412.0	2517.0	0.0	0.0	grey rhino	0.0	black rhino	94.0
249	249	23	spots beaver	0	True	True	False	False	False	spots	beaver	8401.0	4005.0	0.0	0.0	brown beaver	7.0	black beaver	10.0
250	250	383	gold rhino	0	True	True	False	False	False	gold	rhino	71065.0	2517.0	0.0	0.0	grey rhino	0.0	black rhino	94.0
251	251	24	yellow beaver	0	True	True	False	False	False	yellow	beaver	24626.0	4005.0	0.0	0.0	brown beaver	7.0	black beaver	10.0
252	252	475	tan zebra	0	True	True	False	False	False	tan	zebra	7093.0	2465.0	0.0	0.0	black zebra	6.0	blue zebra	9.0
253	253	26	blue beaver	0	True	True	False	False	False	blue	beaver	78290.0	4005.0	0.0	0.0	brown beaver	7.0	black beaver	10.0
254	254	27	tan beaver	0	True	True	False	False	False	tan	beaver	7093.0	4005.0	0.0	0.0	brown beaver	7.0	black beaver	10.0
255	255	54	light cheetah	0	True	True	False	False	False	light	cheetah	141371.0	1927.0	0.0	0.0	brown cheetah	0.0	spots cheetah	8.0
256	256	464	brown zebra	0	True	True	False	False	False	brown	zebra	31879.0	2465.0	0.0	0.0	black zebra	6.0	blue zebra	9.0
257	257	4	pink bat	0	True	True	False	False	False	pink	bat	17616.0	20680.0	0.0	0.0	black bat	63.0	brown bat	10.0
258	258	353	black polar_bear	0	True	True	False	False	False	black	polar_bear	144548.0	2014.0	0.0	0.0	white polar_bear	9.0	brown polar_bear	1.0
259	259	466	grey zebra	0	True	True	False	False	False	grey	zebra	26562.0	2465.0	0.0	0.0	black zebra	6.0	blue zebra	9.0
260	260	354	grey polar_bear	0	True	True	False	False	False	grey	polar_bear	26562.0	2014.0	0.0	0.0	white polar_bear	9.0	brown polar_bear	1.0
261	261	363	tan polar_bear	0	True	True	False	False	False	tan	polar_bear	7093.0	2014.0	0.0	0.0	white polar_bear	9.0	brown polar_bear	1.0
262	262	357	dark polar_bear	0	True	True	False	False	False	dark	polar_bear	83873.0	2014.0	0.0	0.0	white polar_bear	9.0	brown polar_bear	1.0
263	263	358	light polar_bear	0	True	True	False	False	False	light	polar_bear	141371.0	2014.0	0.0	0.0	white polar_bear	9.0	brown polar_bear	1.0
264	264	359	spots polar_bear	0	True	True	False	False	False	spots	polar_bear	8401.0	2014.0	0.0	0.0	white polar_bear	9.0	brown polar_bear	1.0
265	265	470	light zebra	0	True	True	False	False	False	light	zebra	141371.0	2465.0	0.0	0.0	black zebra	6.0	blue zebra	9.0
266	266	360	yellow polar_bear	0	True	True	False	False	False	yellow	polar_bear	24626.0	2014.0	0.0	0.0	white polar_bear	9.0	brown polar_bear	1.0
267	267	11	tan bat	0	True	True	False	False	False	tan	bat	7093.0	20680.0	0.0	0.0	black bat	63.0	brown bat	10.0
268	268	361	orange polar_bear	0	True	True	False	False	False	orange	polar_bear	15508.0	2014.0	0.0	0.0	white polar_bear	9.0	brown polar_bear	1.0
269	269	469	dark zebra	0	True	True	False	False	False	dark	zebra	83873.0	2465.0	0.0	0.0	black zebra	6.0	blue zebra	9.0
270	270	473	orange zebra	0	True	True	False	False	False	orange	zebra	15508.0	2465.0	0.0	0.0	black zebra	6.0	blue zebra	9.0
271	271	12	tawny bat	0	True	True	False	False	False	tawny	bat	352.0	20680.0	0.0	0.0	black bat	63.0	brown bat	10.0
272	272	364	tawny polar_bear	0	True	True	False	False	False	tawny	polar_bear	352.0	2014.0	0.0	0.0	white polar_bear	9.0	brown polar_bear	1.0
273	273	356	pink polar_bear	0	True	True	False	False	False	pink	polar_bear	17616.0	2014.0	0.0	0.0	white polar_bear	9.0	brown polar_bear	1.0
274	274	365	amber polar_bear	0	True	True	False	False	False	amber	polar_bear	8412.0	2014.0	0.0	0.0	white polar_bear	9.0	brown polar_bear	1.0
275	275	13	amber bat	0	True	True	False	False	False	amber	bat	8412.0	20680.0	0.0	0.0	black bat	63.0	brown bat	10.0
276	276	366	red polar_bear	0	True	True	False	False	False	red	polar_bear	121668.0	2014.0	0.0	0.0	white polar_bear	9.0	brown polar_bear	1.0
277	277	461	amber swan	0	True	True	False	False	False	amber	swan	8412.0	6153.0	0.0	0.0	white swan	175.0	black swan	322.0
278	278	479	gold zebra	0	True	True	False	False	False	gold	zebra	71065.0	2465.0	0.0	0.0	black zebra	6.0	blue zebra	9.0
279	279	367	gold polar_bear	0	True	True	False	False	False	gold	polar_bear	71065.0	2014.0	0.0	0.0	white polar_bear	9.0	brown polar_bear	1.0
280	280	368	brown rhino	0	True	True	False	False	False	brown	rhino	31879.0	2517.0	0.0	0.0	grey rhino	0.0	black rhino	94.0
281	281	57	orange cheetah	0	True	True	False	False	False	orange	cheetah	15508.0	1927.0	0.0	0.0	brown cheetah	0.0	spots cheetah	8.0
282	282	370	grey rhino	0	True	True	False	False	False	grey	rhino	26562.0	2517.0	0.0	0.0	grey rhino	0.0	black rhino	94.0
283	283	47	gold boar	0	True	True	False	False	False	gold	boar	71065.0	3173.0	0.0	0.0	brown boar	0.0	blue boar	40.0
284	284	447	gold sloth	0	True	True	False	False	False	gold	sloth	71065.0	1005.0	0.0	0.0	brown sloth	0.0	gold sloth	0.0
285	285	53	dark cheetah	0	True	True	False	False	False	dark	cheetah	83873.0	1927.0	0.0	0.0	brown cheetah	0.0	spots cheetah	8.0
286	286	391	spots shark	0	True	True	False	False	False	spots	shark	8401.0	17984.0	0.0	0.0	grey shark	4.0	white shark	456.0
287	287	433	black sloth	0	True	True	False	False	False	black	sloth	144548.0	1005.0	0.0	0.0	brown sloth	0.0	gold sloth	0.0
288	288	37	dark boar	0	True	True	False	False	False	dark	boar	83873.0	3173.0	0.0	0.0	brown boar	0.0	blue boar	40.0
289	289	38	light boar	0	True	True	False	False	False	light	boar	141371.0	3173.0	0.0	0.0	brown boar	0.0	blue boar	40.0
290	290	39	spots boar	0	True	True	False	False	False	spots	boar	8401.0	3173.0	0.0	0.0	brown boar	0.0	blue boar	40.0
291	291	425	orange skunk	0	True	True	False	False	False	orange	skunk	15508.0	2392.0	0.0	0.0	black skunk	2.0	white skunk	4.0
292	292	426	blue skunk	0	True	True	False	False	False	blue	skunk	78290.0	2392.0	0.0	0.0	black skunk	2.0	white skunk	4.0
293	293	40	yellow boar	0	True	True	False	False	False	yellow	boar	24626.0	3173.0	0.0	0.0	brown boar	0.0	blue boar	40.0
294	294	427	tan skunk	0	True	True	False	False	False	tan	skunk	7093.0	2392.0	0.0	0.0	black skunk	2.0	white skunk	4.0
295	295	450	grey swan	0	True	True	False	False	False	grey	swan	26562.0	6153.0	0.0	0.0	white swan	175.0	black swan	322.0
296	296	428	tawny skunk	0	True	True	False	False	False	tawny	skunk	352.0	2392.0	0.0	0.0	black skunk	2.0	white skunk	4.0
297	297	429	amber skunk	0	True	True	False	False	False	amber	skunk	8412.0	2392.0	0.0	0.0	black skunk	2.0	white skunk	4.0
298	298	41	orange boar	0	True	True	False	False	False	orange	boar	15508.0	3173.0	0.0	0.0	brown boar	0.0	blue boar	40.0
299	299	50	grey cheetah	0	True	True	False	False	False	grey	cheetah	26562.0	1927.0	0.0	0.0	brown cheetah	0.0	spots cheetah	8.0
300	300	432	brown sloth	0	True	True	False	False	False	brown	sloth	31879.0	1005.0	0.0	0.0	brown sloth	0.0	gold sloth	0.0
301	301	434	grey sloth	0	True	True	False	False	False	grey	sloth	26562.0	1005.0	0.0	0.0	brown sloth	0.0	gold sloth	0.0
302	302	460	tawny swan	0	True	True	False	False	False	tawny	swan	352.0	6153.0	0.0	0.0	white swan	175.0	black swan	322.0
303	303	435	white sloth	0	True	True	False	False	False	white	sloth	134712.0	1005.0	0.0	0.0	brown sloth	0.0	gold sloth	0.0
304	304	436	pink sloth	0	True	True	False	False	False	pink	sloth	17616.0	1005.0	0.0	0.0	brown sloth	0.0	gold sloth	0.0
305	305	437	dark sloth	0	True	True	False	False	False	dark	sloth	83873.0	1005.0	0.0	0.0	brown sloth	0.0	gold sloth	0.0
306	306	438	light sloth	0	True	True	False	False	False	light	sloth	141371.0	1005.0	0.0	0.0	brown sloth	0.0	gold sloth	0.0
307	307	439	spots sloth	0	True	True	False	False	False	spots	sloth	8401.0	1005.0	0.0	0.0	brown sloth	0.0	gold sloth	0.0
308	308	448	brown swan	0	True	True	False	False	False	brown	swan	31879.0	6153.0	0.0	0.0	white swan	175.0	black swan	322.0
309	309	440	yellow sloth	0	True	True	False	False	False	yellow	sloth	24626.0	1005.0	0.0	0.0	brown sloth	0.0	gold sloth	0.0
310	310	441	orange sloth	0	True	True	False	False	False	orange	sloth	15508.0	1005.0	0.0	0.0	brown sloth	0.0	gold sloth	0.0
311	311	442	blue sloth	0	True	True	False	False	False	blue	sloth	78290.0	1005.0	0.0	0.0	brown sloth	0.0	gold sloth	0.0
312	312	443	tan sloth	0	True	True	False	False	False	tan	sloth	7093.0	1005.0	0.0	0.0	brown sloth	0.0	gold sloth	0.0
313	313	444	tawny sloth	0	True	True	False	False	False	tawny	sloth	352.0	1005.0	0.0	0.0	brown sloth	0.0	gold sloth	0.0
314	314	445	amber sloth	0	True	True	False	False	False	amber	sloth	8412.0	1005.0	0.0	0.0	brown sloth	0.0	gold sloth	0.0
315	315	446	red sloth	0	True	True	False	False	False	red	sloth	121668.0	1005.0	0.0	0.0	brown sloth	0.0	gold sloth	0.0
316	316	423	spots skunk	0	True	True	False	False	False	spots	skunk	8401.0	2392.0	0.0	0.0	black skunk	2.0	white skunk	4.0
317	317	421	dark skunk	0	True	True	False	False	False	dark	skunk	83873.0	2392.0	0.0	0.0	black skunk	2.0	white skunk	4.0
318	318	420	pink skunk	0	True	True	False	False	False	pink	skunk	17616.0	2392.0	0.0	0.0	black skunk	2.0	white skunk	4.0
319	319	452	pink swan	0	True	True	False	False	False	pink	swan	17616.0	6153.0	0.0	0.0	white swan	175.0	black swan	322.0
320	320	459	tan swan	0	True	True	False	False	False	tan	swan	7093.0	6153.0	0.0	0.0	white swan	175.0	black swan	322.0
321	321	349	amber pigeon	0	True	True	False	False	False	amber	pigeon	8412.0	8449.0	0.0	0.0	grey pigeon	4.0	white pigeon	22.0
322	322	395	tan shark	0	True	True	False	False	False	tan	shark	7093.0	17984.0	0.0	0.0	grey shark	4.0	white shark	456.0
323	323	396	tawny shark	0	True	True	False	False	False	tawny	shark	352.0	17984.0	0.0	0.0	grey shark	4.0	white shark	456.0
324	324	397	amber shark	0	True	True	False	False	False	amber	shark	8412.0	17984.0	0.0	0.0	grey shark	4.0	white shark	456.0
325	325	28	tawny beaver	0	True	True	False	False	False	tawny	beaver	352.0	4005.0	0.0	0.0	brown beaver	7.0	black beaver	10.0
326	326	399	gold shark	0	True	True	False	False	False	gold	shark	71065.0	17984.0	0.0	0.0	grey shark	4.0	white shark	456.0
327	327	29	amber beaver	0	True	True	False	False	False	amber	beaver	8412.0	4005.0	0.0	0.0	brown beaver	7.0	black beaver	10.0
328	328	52	pink cheetah	0	True	True	False	False	False	pink	cheetah	17616.0	1927.0	0.0	0.0	brown cheetah	0.0	spots cheetah	8.0
329	329	31	gold beaver	0	True	True	False	False	False	gold	beaver	71065.0	4005.0	0.0	0.0	brown beaver	7.0	black beaver	10.0
330	330	48	brown cheetah	0	True	True	False	False	False	brown	cheetah	31879.0	1927.0	0.0	0.0	brown cheetah	0.0	spots cheetah	8.0
331	331	32	brown boar	0	True	True	False	False	False	brown	boar	31879.0	3173.0	0.0	0.0	brown boar	0.0	blue boar	40.0
332	332	457	orange swan	0	True	True	False	False	False	orange	swan	15508.0	6153.0	0.0	0.0	white swan	175.0	black swan	322.0
333	333	406	light sheep	0	True	True	False	False	False	light	sheep	141371.0	14547.0	0.0	0.0	white sheep	43.0	black sheep	866.0
334	334	407	spots sheep	0	True	True	False	False	False	spots	sheep	8401.0	14547.0	0.0	0.0	white sheep	43.0	black sheep	866.0
335	335	408	yellow sheep	0	True	True	False	False	False	yellow	sheep	24626.0	14547.0	0.0	0.0	white sheep	43.0	black sheep	866.0
336	336	409	orange sheep	0	True	True	False	False	False	orange	sheep	15508.0	14547.0	0.0	0.0	white sheep	43.0	black sheep	866.0
337	337	456	yellow swan	0	True	True	False	False	False	yellow	swan	24626.0	6153.0	0.0	0.0	white swan	175.0	black swan	322.0
338	338	455	spots swan	0	True	True	False	False	False	spots	swan	8401.0	6153.0	0.0	0.0	white swan	175.0	black swan	322.0
339	339	412	tawny sheep	0	True	True	False	False	False	tawny	sheep	352.0	14547.0	0.0	0.0	white sheep	43.0	black sheep	866.0
340	340	44	tawny boar	0	True	True	False	False	False	tawny	boar	352.0	3173.0	0.0	0.0	brown boar	0.0	blue boar	40.0
341	341	413	amber sheep	0	True	True	False	False	False	amber	sheep	8412.0	14547.0	0.0	0.0	white sheep	43.0	black sheep	866.0
342	342	476	tawny zebra	0	True	True	False	False	False	tawny	zebra	352.0	2465.0	0.0	0.0	black zebra	6.0	blue zebra	9.0
343	343	415	gold sheep	0	True	True	False	False	False	gold	sheep	71065.0	14547.0	0.0	0.0	white sheep	43.0	black sheep	866.0
344	344	36	pink boar	0	True	True	False	False	False	pink	boar	17616.0	3173.0	0.0	0.0	brown boar	0.0	blue boar	40.0
345	345	418	grey skunk	0	True	True	False	False	False	grey	skunk	26562.0	2392.0	0.0	0.0	black skunk	2.0	white skunk	4.0
346	346	43	tan boar	0	True	True	False	False	False	tan	boar	7093.0	3173.0	0.0	0.0	brown boar	0.0	blue boar	40.0
347	347	350	red pigeon	0	True	True	False	False	False	red	pigeon	121668.0	8449.0	0.0	0.0	grey pigeon	4.0	white pigeon	22.0
348	348	89	orange deer	0	True	True	False	False	False	orange	deer	15508.0	7936.0	0.0	0.0	brown deer	2.0	red deer	103.0
349	349	348	tawny pigeon	0	True	True	False	False	False	tawny	pigeon	352.0	8449.0	0.0	0.0	grey pigeon	4.0	white pigeon	22.0
350	350	229	dark killer_whale	0	True	True	False	False	False	dark	killer_whale	83873.0	439.0	0.0	0.0	black killer_whale	0.0	grey killer_whale	1.0
351	351	197	dark grizzly	0	True	True	False	False	False	dark	grizzly	83873.0	1945.0	0.0	0.0	brown grizzly	4.0	grey grizzly	1.0
352	352	196	pink grizzly	0	True	True	False	False	False	pink	grizzly	17616.0	1945.0	0.0	0.0	brown grizzly	4.0	grey grizzly	1.0
353	353	195	white grizzly	0	True	True	False	False	False	white	grizzly	134712.0	1945.0	0.0	0.0	brown grizzly	4.0	grey grizzly	1.0
354	354	191	gold gorilla	0	True	True	False	False	False	gold	gorilla	71065.0	5594.0	0.0	0.0	black gorilla	6.0	white gorilla	18.0
355	355	189	amber gorilla	0	True	True	False	False	False	amber	gorilla	8412.0	5594.0	0.0	0.0	black gorilla	6.0	white gorilla	18.0
356	356	188	tawny gorilla	0	True	True	False	False	False	tawny	gorilla	352.0	5594.0	0.0	0.0	black gorilla	6.0	white gorilla	18.0
357	357	187	tan gorilla	0	True	True	False	False	False	tan	gorilla	7093.0	5594.0	0.0	0.0	black gorilla	6.0	white gorilla	18.0
358	358	185	orange gorilla	0	True	True	False	False	False	orange	gorilla	15508.0	5594.0	0.0	0.0	black gorilla	6.0	white gorilla	18.0
359	359	184	yellow gorilla	0	True	True	False	False	False	yellow	gorilla	24626.0	5594.0	0.0	0.0	black gorilla	6.0	white gorilla	18.0
360	360	183	spots gorilla	0	True	True	False	False	False	spots	gorilla	8401.0	5594.0	0.0	0.0	black gorilla	6.0	white gorilla	18.0
361	361	182	light gorilla	0	True	True	False	False	False	light	gorilla	141371.0	5594.0	0.0	0.0	black gorilla	6.0	white gorilla	18.0
362	362	181	dark gorilla	0	True	True	False	False	False	dark	gorilla	83873.0	5594.0	0.0	0.0	black gorilla	6.0	white gorilla	18.0
363	363	75	tan crow	0	True	True	False	False	False	tan	crow	7093.0	7850.0	0.0	0.0	black crow	141.0	white crow	45.0
364	364	176	brown gorilla	0	True	True	False	False	False	brown	gorilla	31879.0	5594.0	0.0	0.0	black gorilla	6.0	white gorilla	18.0
365	365	172	tawny goat	0	True	True	False	False	False	tawny	goat	352.0	14588.0	0.0	0.0	white goat	13.0	black goat	38.0
366	366	171	tan goat	0	True	True	False	False	False	tan	goat	7093.0	14588.0	0.0	0.0	white goat	13.0	black goat	38.0
367	367	169	orange goat	0	True	True	False	False	False	orange	goat	15508.0	14588.0	0.0	0.0	white goat	13.0	black goat	38.0
368	368	167	spots goat	0	True	True	False	False	False	spots	goat	8401.0	14588.0	0.0	0.0	white goat	13.0	black goat	38.0
369	369	76	tawny crow	0	True	True	False	False	False	tawny	crow	352.0	7850.0	0.0	0.0	black crow	141.0	white crow	45.0
370	370	198	light grizzly	0	True	True	False	False	False	light	grizzly	141371.0	1945.0	0.0	0.0	brown grizzly	4.0	grey grizzly	1.0
371	371	199	spots grizzly	0	True	True	False	False	False	spots	grizzly	8401.0	1945.0	0.0	0.0	brown grizzly	4.0	grey grizzly	1.0
372	372	200	yellow grizzly	0	True	True	False	False	False	yellow	grizzly	24626.0	1945.0	0.0	0.0	brown grizzly	4.0	grey grizzly	1.0
373	373	215	spots hippo	0	True	True	False	False	False	spots	hippo	8401.0	1778.0	0.0	0.0	grey hippo	0.0	pink hippo	3.0
374	374	225	black killer_whale	0	True	True	False	False	False	black	killer_whale	144548.0	439.0	0.0	0.0	black killer_whale	0.0	grey killer_whale	1.0
375	375	224	brown killer_whale	0	True	True	False	False	False	brown	killer_whale	31879.0	439.0	0.0	0.0	black killer_whale	0.0	grey killer_whale	1.0
376	376	223	gold hippo	0	True	True	False	False	False	gold	hippo	71065.0	1778.0	0.0	0.0	grey hippo	0.0	pink hippo	3.0
377	377	222	red hippo	0	True	True	False	False	False	red	hippo	121668.0	1778.0	0.0	0.0	grey hippo	0.0	pink hippo	3.0
378	378	221	amber hippo	0	True	True	False	False	False	amber	hippo	8412.0	1778.0	0.0	0.0	grey hippo	0.0	pink hippo	3.0
379	379	220	tawny hippo	0	True	True	False	False	False	tawny	hippo	352.0	1778.0	0.0	0.0	grey hippo	0.0	pink hippo	3.0
380	380	219	tan hippo	0	True	True	False	False	False	tan	hippo	7093.0	1778.0	0.0	0.0	grey hippo	0.0	pink hippo	3.0
381	381	217	orange hippo	0	True	True	False	False	False	orange	hippo	15508.0	1778.0	0.0	0.0	grey hippo	0.0	pink hippo	3.0
382	382	214	light hippo	0	True	True	False	False	False	light	hippo	141371.0	1778.0	0.0	0.0	grey hippo	0.0	pink hippo	3.0
383	383	201	orange grizzly	0	True	True	False	False	False	orange	grizzly	15508.0	1945.0	0.0	0.0	brown grizzly	4.0	grey grizzly	1.0
384	384	213	dark hippo	0	True	True	False	False	False	dark	hippo	83873.0	1778.0	0.0	0.0	grey hippo	0.0	pink hippo	3.0
385	385	210	grey hippo	0	True	True	False	False	False	grey	hippo	26562.0	1778.0	0.0	0.0	grey hippo	0.0	pink hippo	3.0
386	386	208	brown hippo	0	True	True	False	False	False	brown	hippo	31879.0	1778.0	0.0	0.0	grey hippo	0.0	pink hippo	3.0
387	387	207	gold grizzly	0	True	True	False	False	False	gold	grizzly	71065.0	1945.0	0.0	0.0	brown grizzly	4.0	grey grizzly	1.0
388	388	205	amber grizzly	0	True	True	False	False	False	amber	grizzly	8412.0	1945.0	0.0	0.0	brown grizzly	4.0	grey grizzly	1.0
389	389	204	tawny grizzly	0	True	True	False	False	False	tawny	grizzly	352.0	1945.0	0.0	0.0	brown grizzly	4.0	grey grizzly	1.0
390	390	203	tan grizzly	0	True	True	False	False	False	tan	grizzly	7093.0	1945.0	0.0	0.0	brown grizzly	4.0	grey grizzly	1.0
391	391	202	blue grizzly	0	True	True	False	False	False	blue	grizzly	78290.0	1945.0	0.0	0.0	brown grizzly	4.0	grey grizzly	1.0
392	392	77	amber crow	0	True	True	False	False	False	amber	crow	8412.0	7850.0	0.0	0.0	black crow	141.0	white crow	45.0
393	393	159	gold giraffe	0	True	True	False	False	False	gold	giraffe	71065.0	2320.0	0.0	0.0	brown giraffe	1.0	yellow giraffe	5.0
394	394	157	amber giraffe	0	True	True	False	False	False	amber	giraffe	8412.0	2320.0	0.0	0.0	brown giraffe	1.0	yellow giraffe	5.0
395	395	105	orange dolphin	0	True	True	False	False	False	orange	dolphin	15508.0	6285.0	0.0	0.0	grey dolphin	7.0	blue dolphin	19.0
396	396	117	dark elephant	0	True	True	False	False	False	dark	elephant	83873.0	15994.0	0.0	0.0	grey elephant	13.0	white elephant	251.0
397	397	82	grey deer	0	True	True	False	False	False	grey	deer	26562.0	7936.0	0.0	0.0	brown deer	2.0	red deer	103.0
398	398	84	pink deer	0	True	True	False	False	False	pink	deer	17616.0	7936.0	0.0	0.0	brown deer	2.0	red deer	103.0
399	399	111	gold dolphin	0	True	True	False	False	False	gold	dolphin	71065.0	6285.0	0.0	0.0	grey dolphin	7.0	blue dolphin	19.0
400	400	109	amber dolphin	0	True	True	False	False	False	amber	dolphin	8412.0	6285.0	0.0	0.0	grey dolphin	7.0	blue dolphin	19.0
401	401	108	tawny dolphin	0	True	True	False	False	False	tawny	dolphin	352.0	6285.0	0.0	0.0	grey dolphin	7.0	blue dolphin	19.0
402	402	107	tan dolphin	0	True	True	False	False	False	tan	dolphin	7093.0	6285.0	0.0	0.0	grey dolphin	7.0	blue dolphin	19.0
403	403	85	dark deer	0	True	True	False	False	False	dark	deer	83873.0	7936.0	0.0	0.0	brown deer	2.0	red deer	103.0
404	404	104	yellow dolphin	0	True	True	False	False	False	yellow	dolphin	24626.0	6285.0	0.0	0.0	grey dolphin	7.0	blue dolphin	19.0
405	405	119	spots elephant	0	True	True	False	False	False	spots	elephant	8401.0	15994.0	0.0	0.0	grey elephant	13.0	white elephant	251.0
406	406	103	spots dolphin	0	True	True	False	False	False	spots	dolphin	8401.0	6285.0	0.0	0.0	grey dolphin	7.0	blue dolphin	19.0
407	407	102	light dolphin	0	True	True	False	False	False	light	dolphin	141371.0	6285.0	0.0	0.0	grey dolphin	7.0	blue dolphin	19.0
408	408	101	dark dolphin	0	True	True	False	False	False	dark	dolphin	83873.0	6285.0	0.0	0.0	grey dolphin	7.0	blue dolphin	19.0
409	409	87	spots deer	0	True	True	False	False	False	spots	deer	8401.0	7936.0	0.0	0.0	brown deer	2.0	red deer	103.0
410	410	96	brown dolphin	0	True	True	False	False	False	brown	dolphin	31879.0	6285.0	0.0	0.0	grey dolphin	7.0	blue dolphin	19.0
411	411	93	amber deer	0	True	True	False	False	False	amber	deer	8412.0	7936.0	0.0	0.0	brown deer	2.0	red deer	103.0
412	412	92	tawny deer	0	True	True	False	False	False	tawny	deer	352.0	7936.0	0.0	0.0	brown deer	2.0	red deer	103.0
413	413	91	tan deer	0	True	True	False	False	False	tan	deer	7093.0	7936.0	0.0	0.0	brown deer	2.0	red deer	103.0
414	414	118	light elephant	0	True	True	False	False	False	light	elephant	141371.0	15994.0	0.0	0.0	grey elephant	13.0	white elephant	251.0
415	415	120	yellow elephant	0	True	True	False	False	False	yellow	elephant	24626.0	15994.0	0.0	0.0	grey elephant	13.0	white elephant	251.0
416	416	156	tawny giraffe	0	True	True	False	False	False	tawny	giraffe	352.0	2320.0	0.0	0.0	brown giraffe	1.0	yellow giraffe	5.0
417	417	139	tan flamingo	0	True	True	False	False	False	tan	flamingo	7093.0	1259.0	0.0	0.0	pink flamingo	102.0	black flamingo	3.0
418	418	153	orange giraffe	0	True	True	False	False	False	orange	giraffe	15508.0	2320.0	0.0	0.0	brown giraffe	1.0	yellow giraffe	5.0
419	419	150	light giraffe	0	True	True	False	False	False	light	giraffe	141371.0	2320.0	0.0	0.0	brown giraffe	1.0	yellow giraffe	5.0
420	420	149	dark giraffe	0	True	True	False	False	False	dark	giraffe	83873.0	2320.0	0.0	0.0	brown giraffe	1.0	yellow giraffe	5.0
421	421	147	white giraffe	0	True	True	False	False	False	white	giraffe	134712.0	2320.0	0.0	0.0	brown giraffe	1.0	yellow giraffe	5.0
422	422	146	grey giraffe	0	True	True	False	False	False	grey	giraffe	26562.0	2320.0	0.0	0.0	brown giraffe	1.0	yellow giraffe	5.0
423	423	143	gold flamingo	0	True	True	False	False	False	gold	flamingo	71065.0	1259.0	0.0	0.0	pink flamingo	102.0	black flamingo	3.0
424	424	141	amber flamingo	0	True	True	False	False	False	amber	flamingo	8412.0	1259.0	0.0	0.0	pink flamingo	102.0	black flamingo	3.0
425	425	140	tawny flamingo	0	True	True	False	False	False	tawny	flamingo	352.0	1259.0	0.0	0.0	pink flamingo	102.0	black flamingo	3.0
426	426	137	orange flamingo	0	True	True	False	False	False	orange	flamingo	15508.0	1259.0	0.0	0.0	pink flamingo	102.0	black flamingo	3.0
427	427	123	tan elephant	0	True	True	False	False	False	tan	elephant	7093.0	15994.0	0.0	0.0	grey elephant	13.0	white elephant	251.0
428	428	136	yellow flamingo	0	True	True	False	False	False	yellow	flamingo	24626.0	1259.0	0.0	0.0	pink flamingo	102.0	black flamingo	3.0
429	429	135	spots flamingo	0	True	True	False	False	False	spots	flamingo	8401.0	1259.0	0.0	0.0	pink flamingo	102.0	black flamingo	3.0
430	430	134	light flamingo	0	True	True	False	False	False	light	flamingo	141371.0	1259.0	0.0	0.0	pink flamingo	102.0	black flamingo	3.0
431	431	133	dark flamingo	0	True	True	False	False	False	dark	flamingo	83873.0	1259.0	0.0	0.0	pink flamingo	102.0	black flamingo	3.0
432	432	130	grey flamingo	0	True	True	False	False	False	grey	flamingo	26562.0	1259.0	0.0	0.0	pink flamingo	102.0	black flamingo	3.0
433	433	128	brown flamingo	0	True	True	False	False	False	brown	flamingo	31879.0	1259.0	0.0	0.0	pink flamingo	102.0	black flamingo	3.0
434	434	125	amber elephant	0	True	True	False	False	False	amber	elephant	8412.0	15994.0	0.0	0.0	grey elephant	13.0	white elephant	251.0
435	435	124	tawny elephant	0	True	True	False	False	False	tawny	elephant	352.0	15994.0	0.0	0.0	grey elephant	13.0	white elephant	251.0
436	436	228	pink killer_whale	0	True	True	False	False	False	pink	killer_whale	17616.0	439.0	0.0	0.0	black killer_whale	0.0	grey killer_whale	1.0
437	437	230	light killer_whale	0	True	True	False	False	False	light	killer_whale	141371.0	439.0	0.0	0.0	black killer_whale	0.0	grey killer_whale	1.0
438	438	347	tan pigeon	0	True	True	False	False	False	tan	pigeon	7093.0	8449.0	0.0	0.0	grey pigeon	4.0	white pigeon	22.0
439	439	231	spots killer_whale	0	True	True	False	False	False	spots	killer_whale	8401.0	439.0	0.0	0.0	black killer_whale	0.0	grey killer_whale	1.0
440	440	309	dark panther	0	True	True	False	False	False	dark	panther	83873.0	4562.0	0.0	0.0	black panther	724.0	pink panther	338.0
441	441	64	brown crow	0	True	True	False	False	False	brown	crow	31879.0	7850.0	0.0	0.0	black crow	141.0	white crow	45.0
442	442	304	brown panther	0	True	True	False	False	False	brown	panther	31879.0	4562.0	0.0	0.0	black panther	724.0	pink panther	338.0
443	443	303	gold panda	0	True	True	False	False	False	gold	panda	71065.0	3735.0	0.0	0.0	black panda	4.0	red panda	67.0
444	444	68	pink crow	0	True	True	False	False	False	pink	crow	17616.0	7850.0	0.0	0.0	black crow	141.0	white crow	45.0
445	445	301	amber panda	0	True	True	False	False	False	amber	panda	8412.0	3735.0	0.0	0.0	black panda	4.0	red panda	67.0
446	446	300	tawny panda	0	True	True	False	False	False	tawny	panda	352.0	3735.0	0.0	0.0	black panda	4.0	red panda	67.0
447	447	299	tan panda	0	True	True	False	False	False	tan	panda	7093.0	3735.0	0.0	0.0	black panda	4.0	red panda	67.0
448	448	297	orange panda	0	True	True	False	False	False	orange	panda	15508.0	3735.0	0.0	0.0	black panda	4.0	red panda	67.0
449	449	296	yellow panda	0	True	True	False	False	False	yellow	panda	24626.0	3735.0	0.0	0.0	black panda	4.0	red panda	67.0
450	450	295	spots panda	0	True	True	False	False	False	spots	panda	8401.0	3735.0	0.0	0.0	black panda	4.0	red panda	67.0
451	451	294	light panda	0	True	True	False	False	False	light	panda	141371.0	3735.0	0.0	0.0	black panda	4.0	red panda	67.0
452	452	293	dark panda	0	True	True	False	False	False	dark	panda	83873.0	3735.0	0.0	0.0	black panda	4.0	red panda	67.0
453	453	292	pink panda	0	True	True	False	False	False	pink	panda	17616.0	3735.0	0.0	0.0	black panda	4.0	red panda	67.0
454	454	290	grey panda	0	True	True	False	False	False	grey	panda	26562.0	3735.0	0.0	0.0	black panda	4.0	red panda	67.0
455	455	288	brown panda	0	True	True	False	False	False	brown	panda	31879.0	3735.0	0.0	0.0	black panda	4.0	red panda	67.0
456	456	287	gold mammoth	0	True	True	False	False	False	gold	mammoth	71065.0	1970.0	0.0	0.0	brown mammoth	0.0	gold mammoth	0.0
457	457	286	red mammoth	0	True	True	False	False	False	red	mammoth	121668.0	1970.0	0.0	0.0	brown mammoth	0.0	gold mammoth	0.0
458	458	285	amber mammoth	0	True	True	False	False	False	amber	mammoth	8412.0	1970.0	0.0	0.0	brown mammoth	0.0	gold mammoth	0.0
459	459	311	spots panther	0	True	True	False	False	False	spots	panther	8401.0	4562.0	0.0	0.0	black panther	724.0	pink panther	338.0
460	460	312	yellow panther	0	True	True	False	False	False	yellow	panther	24626.0	4562.0	0.0	0.0	black panther	724.0	pink panther	338.0
461	461	63	gold cheetah	0	True	True	False	False	False	gold	cheetah	71065.0	1927.0	0.0	0.0	brown cheetah	0.0	spots cheetah	8.0
462	462	331	tan pig	0	True	True	False	False	False	tan	pig	7093.0	39569.0	0.0	0.0	pink pig	27.0	black pig	52.0
463	463	345	orange pigeon	0	True	True	False	False	False	orange	pigeon	15508.0	8449.0	0.0	0.0	grey pigeon	4.0	white pigeon	22.0
464	464	343	spots pigeon	0	True	True	False	False	False	spots	pigeon	8401.0	8449.0	0.0	0.0	grey pigeon	4.0	white pigeon	22.0
465	465	342	light pigeon	0	True	True	False	False	False	light	pigeon	141371.0	8449.0	0.0	0.0	grey pigeon	4.0	white pigeon	22.0
466	466	341	dark pigeon	0	True	True	False	False	False	dark	pigeon	83873.0	8449.0	0.0	0.0	grey pigeon	4.0	white pigeon	22.0
467	467	58	blue cheetah	0	True	True	False	False	False	blue	cheetah	78290.0	1927.0	0.0	0.0	brown cheetah	0.0	spots cheetah	8.0
468	468	59	tan cheetah	0	True	True	False	False	False	tan	cheetah	7093.0	1927.0	0.0	0.0	brown cheetah	0.0	spots cheetah	8.0
469	469	333	amber pig	0	True	True	False	False	False	amber	pig	8412.0	39569.0	0.0	0.0	pink pig	27.0	black pig	52.0
470	470	332	tawny pig	0	True	True	False	False	False	tawny	pig	352.0	39569.0	0.0	0.0	pink pig	27.0	black pig	52.0
471	471	329	orange pig	0	True	True	False	False	False	orange	pig	15508.0	39569.0	0.0	0.0	pink pig	27.0	black pig	52.0
472	472	315	tan panther	0	True	True	False	False	False	tan	panther	7093.0	4562.0	0.0	0.0	black panther	724.0	pink panther	338.0
473	473	327	spots pig	0	True	True	False	False	False	spots	pig	8401.0	39569.0	0.0	0.0	pink pig	27.0	black pig	52.0
474	474	326	light pig	0	True	True	False	False	False	light	pig	141371.0	39569.0	0.0	0.0	pink pig	27.0	black pig	52.0
475	475	60	tawny cheetah	0	True	True	False	False	False	tawny	cheetah	352.0	1927.0	0.0	0.0	brown cheetah	0.0	spots cheetah	8.0
476	476	61	amber cheetah	0	True	True	False	False	False	amber	cheetah	8412.0	1927.0	0.0	0.0	brown cheetah	0.0	spots cheetah	8.0
477	477	62	red cheetah	0	True	True	False	False	False	red	cheetah	121668.0	1927.0	0.0	0.0	brown cheetah	0.0	spots cheetah	8.0
478	478	319	gold panther	0	True	True	False	False	False	gold	panther	71065.0	4562.0	0.0	0.0	black panther	724.0	pink panther	338.0
479	479	317	amber panther	0	True	True	False	False	False	amber	panther	8412.0	4562.0	0.0	0.0	black panther	724.0	pink panther	338.0
480	480	316	tawny panther	0	True	True	False	False	False	tawny	panther	352.0	4562.0	0.0	0.0	black panther	724.0	pink panther	338.0
481	481	284	tawny mammoth	0	True	True	False	False	False	tawny	mammoth	352.0	1970.0	0.0	0.0	brown mammoth	0.0	gold mammoth	0.0
482	482	283	tan mammoth	0	True	True	False	False	False	tan	mammoth	7093.0	1970.0	0.0	0.0	brown mammoth	0.0	gold mammoth	0.0
483	483	282	blue mammoth	0	True	True	False	False	False	blue	mammoth	78290.0	1970.0	0.0	0.0	brown mammoth	0.0	gold mammoth	0.0
484	484	245	dark lion	0	True	True	False	False	False	dark	lion	83873.0	22565.0	0.0	0.0	brown lion	1.0	red lion	196.0
485	485	257	black llama	0	True	True	False	False	False	black	llama	144548.0	881.0	0.0	0.0	brown llama	1.0	black llama	0.0
486	486	70	light crow	0	True	True	False	False	False	light	crow	141371.0	7850.0	0.0	0.0	black crow	141.0	white crow	45.0
487	487	71	spots crow	0	True	True	False	False	False	spots	crow	8401.0	7850.0	0.0	0.0	black crow	141.0	white crow	45.0
488	488	253	amber lion	0	True	True	False	False	False	amber	lion	8412.0	22565.0	0.0	0.0	brown lion	1.0	red lion	196.0
489	489	252	tawny lion	0	True	True	False	False	False	tawny	lion	352.0	22565.0	0.0	0.0	brown lion	1.0	red lion	196.0
490	490	251	tan lion	0	True	True	False	False	False	tan	lion	7093.0	22565.0	0.0	0.0	brown lion	1.0	red lion	196.0
491	491	249	orange lion	0	True	True	False	False	False	orange	lion	15508.0	22565.0	0.0	0.0	brown lion	1.0	red lion	196.0
492	492	246	light lion	0	True	True	False	False	False	light	lion	141371.0	22565.0	0.0	0.0	brown lion	1.0	red lion	196.0
493	493	73	orange crow	0	True	True	False	False	False	orange	crow	15508.0	7850.0	0.0	0.0	black crow	141.0	white crow	45.0
494	494	259	white llama	0	True	True	False	False	False	white	llama	134712.0	881.0	0.0	0.0	brown llama	1.0	black llama	0.0
495	495	239	gold killer_whale	0	True	True	False	False	False	gold	killer_whale	71065.0	439.0	0.0	0.0	black killer_whale	0.0	grey killer_whale	1.0
496	496	238	red killer_whale	0	True	True	False	False	False	red	killer_whale	121668.0	439.0	0.0	0.0	black killer_whale	0.0	grey killer_whale	1.0
497	497	237	amber killer_whale	0	True	True	False	False	False	amber	killer_whale	8412.0	439.0	0.0	0.0	black killer_whale	0.0	grey killer_whale	1.0
498	498	236	tawny killer_whale	0	True	True	False	False	False	tawny	killer_whale	352.0	439.0	0.0	0.0	black killer_whale	0.0	grey killer_whale	1.0
499	499	235	tan killer_whale	0	True	True	False	False	False	tan	killer_whale	7093.0	439.0	0.0	0.0	black killer_whale	0.0	grey killer_whale	1.0
500	500	234	blue killer_whale	0	True	True	False	False	False	blue	killer_whale	78290.0	439.0	0.0	0.0	black killer_whale	0.0	grey killer_whale	1.0
501	501	233	orange killer_whale	0	True	True	False	False	False	orange	killer_whale	15508.0	439.0	0.0	0.0	black killer_whale	0.0	grey killer_whale	1.0
502	502	232	yellow killer_whale	0	True	True	False	False	False	yellow	killer_whale	24626.0	439.0	0.0	0.0	black killer_whale	0.0	grey killer_whale	1.0
503	503	258	grey llama	0	True	True	False	False	False	grey	llama	26562.0	881.0	0.0	0.0	brown llama	1.0	black llama	0.0
504	504	260	pink llama	0	True	True	False	False	False	pink	llama	17616.0	881.0	0.0	0.0	brown llama	1.0	black llama	0.0
505	505	281	orange mammoth	0	True	True	False	False	False	orange	mammoth	15508.0	1970.0	0.0	0.0	brown mammoth	0.0	gold mammoth	0.0
506	506	272	brown mammoth	0	True	True	False	False	False	brown	mammoth	31879.0	1970.0	0.0	0.0	brown mammoth	0.0	gold mammoth	0.0
507	507	280	yellow mammoth	0	True	True	False	False	False	yellow	mammoth	24626.0	1970.0	0.0	0.0	brown mammoth	0.0	gold mammoth	0.0
508	508	279	spots mammoth	0	True	True	False	False	False	spots	mammoth	8401.0	1970.0	0.0	0.0	brown mammoth	0.0	gold mammoth	0.0
509	509	278	light mammoth	0	True	True	False	False	False	light	mammoth	141371.0	1970.0	0.0	0.0	brown mammoth	0.0	gold mammoth	0.0
510	510	277	dark mammoth	0	True	True	False	False	False	dark	mammoth	83873.0	1970.0	0.0	0.0	brown mammoth	0.0	gold mammoth	0.0
511	511	276	pink mammoth	0	True	True	False	False	False	pink	mammoth	17616.0	1970.0	0.0	0.0	brown mammoth	0.0	gold mammoth	0.0
512	512	275	white mammoth	0	True	True	False	False	False	white	mammoth	134712.0	1970.0	0.0	0.0	brown mammoth	0.0	gold mammoth	0.0
513	513	274	grey mammoth	0	True	True	False	False	False	grey	mammoth	26562.0	1970.0	0.0	0.0	brown mammoth	0.0	gold mammoth	0.0
514	514	273	black mammoth	0	True	True	False	False	False	black	mammoth	144548.0	1970.0	0.0	0.0	brown mammoth	0.0	gold mammoth	0.0
515	515	271	gold llama	0	True	True	False	False	False	gold	llama	71065.0	881.0	0.0	0.0	brown llama	1.0	black llama	0.0
516	516	261	dark llama	0	True	True	False	False	False	dark	llama	83873.0	881.0	0.0	0.0	brown llama	1.0	black llama	0.0
517	517	270	red llama	0	True	True	False	False	False	red	llama	121668.0	881.0	0.0	0.0	brown llama	1.0	black llama	0.0
518	518	269	amber llama	0	True	True	False	False	False	amber	llama	8412.0	881.0	0.0	0.0	brown llama	1.0	black llama	0.0
519	519	268	tawny llama	0	True	True	False	False	False	tawny	llama	352.0	881.0	0.0	0.0	brown llama	1.0	black llama	0.0
520	520	267	tan llama	0	True	True	False	False	False	tan	llama	7093.0	881.0	0.0	0.0	brown llama	1.0	black llama	0.0
521	521	266	blue llama	0	True	True	False	False	False	blue	llama	78290.0	881.0	0.0	0.0	brown llama	1.0	black llama	0.0
522	522	265	orange llama	0	True	True	False	False	False	orange	llama	15508.0	881.0	0.0	0.0	brown llama	1.0	black llama	0.0
523	523	264	yellow llama	0	True	True	False	False	False	yellow	llama	24626.0	881.0	0.0	0.0	brown llama	1.0	black llama	0.0
524	524	262	light llama	0	True	True	False	False	False	light	llama	141371.0	881.0	0.0	0.0	brown llama	1.0	black llama	0.0
525	525	263	spots llama	0	True	True	False	False	False	spots	llama	8401.0	881.0	0.0	0.0	brown llama	1.0	black llama	0.0
